Notebook,Vessel,Temperature,Location,Substrate,Substrate SMILES,Substrate Conc (M),Catalyst 1,Catalyst1 SMILES,Catalyst1 Conc (M),Reductant,Reductant SMILES,Reductant Conc (M),Solvent1,Analytical Method,number,Output Value
AO-07,96,50,1:A,Propranolol,OC(COC1=C2C=CC=CC2=CC=C1)CNC(C)C,0.1,Hydroxy(cyclooctadiene)rhodium(I) dimer,O[Rh].O[Rh].C1CC=CCCC=C1.C2CC=CCCC=C2,0.004,tetrahydroxydiboron,B(B(O)O)(O)O,0.35,ethanol,UPLC-MS,1,71
AO-07,96,50,2:A,Propranolol,OC(COC1=C2C=CC=CC2=CC=C1)CNC(C)C,0.1,Hydroxy(cyclooctadiene)rhodium(I) dimer,O[Rh].O[Rh].C1CC=CCCC=C1.C2CC=CCCC=C2,0.004,tetrahydroxydiboron,B(B(O)O)(O)O,0.35,"2,2,2-trifluoroethanol",UPLC-MS,2,35
AO-07,96,50,3:A,Propranolol,OC(COC1=C2C=CC=CC2=CC=C1)CNC(C)C,0.1,Hydroxy(cyclooctadiene)rhodium(I) dimer,O[Rh].O[Rh].C1CC=CCCC=C1.C2CC=CCCC=C2,0.004,tetrahydroxydiboron,B(B(O)O)(O)O,0.7,ethanol,UPLC-MS,3,85
AO-07,96,50,4:A,Propranolol,OC(COC1=C2C=CC=CC2=CC=C1)CNC(C)C,0.1,Hydroxy(cyclooctadiene)rhodium(I) dimer,O[Rh].O[Rh].C1CC=CCCC=C1.C2CC=CCCC=C2,0.004,tetrahydroxydiboron,B(B(O)O)(O)O,0.7,"2,2,2-trifluoroethanol",UPLC-MS,4,47
AO-07,96,50,5:A,Gemfibrozil,O=C(C(C)(CCCOC1=C(C)C=CC(C)=C1)C)O,0.1,Hydroxy(cyclooctadiene)rhodium(I) dimer,O[Rh].O[Rh].C1CC=CCCC=C1.C2CC=CCCC=C2,0.004,tetrahydroxydiboron,B(B(O)O)(O)O,0.35,ethanol,UPLC-MS,5,69
AO-07,96,50,6:A,Gemfibrozil,O=C(C(C)(CCCOC1=C(C)C=CC(C)=C1)C)O,0.1,Hydroxy(cyclooctadiene)rhodium(I) dimer,O[Rh].O[Rh].C1CC=CCCC=C1.C2CC=CCCC=C2,0.004,tetrahydroxydiboron,B(B(O)O)(O)O,0.35,"2,2,2-trifluoroethanol",UPLC-MS,6,32
AO-07,96,50,7:A,Gemfibrozil,O=C(C(C)(CCCOC1=C(C)C=CC(C)=C1)C)O,0.1,Hydroxy(cyclooctadiene)rhodium(I) dimer,O[Rh].O[Rh].C1CC=CCCC=C1.C2CC=CCCC=C2,0.004,tetrahydroxydiboron,B(B(O)O)(O)O,0.7,ethanol,UPLC-MS,7,76
AO-07,96,50,8:A,Gemfibrozil,O=C(C(C)(CCCOC1=C(C)C=CC(C)=C1)C)O,0.1,Hydroxy(cyclooctadiene)rhodium(I) dimer,O[Rh].O[Rh].C1CC=CCCC=C1.C2CC=CCCC=C2,0.004,tetrahydroxydiboron,B(B(O)O)(O)O,0.7,"2,2,2-trifluoroethanol",UPLC-MS,8,41
AO-07,96,50,9:A,(S)-Ketoprofen,C[C@@H](c1cc(C(c2ccccc2)=O)ccc1)C(O)=O,0.1,Hydroxy(cyclooctadiene)rhodium(I) dimer,O[Rh].O[Rh].C1CC=CCCC=C1.C2CC=CCCC=C2,0.004,tetrahydroxydiboron,B(B(O)O)(O)O,0.35,ethanol,UPLC-MS,9,52
AO-07,96,50,10:A,(S)-Ketoprofen,C[C@@H](c1cc(C(c2ccccc2)=O)ccc1)C(O)=O,0.1,Hydroxy(cyclooctadiene)rhodium(I) dimer,O[Rh].O[Rh].C1CC=CCCC=C1.C2CC=CCCC=C2,0.004,tetrahydroxydiboron,B(B(O)O)(O)O,0.35,"2,2,2-trifluoroethanol",UPLC-MS,10,31
AO-07,96,50,11:A,(S)-Ketoprofen,C[C@@H](c1cc(C(c2ccccc2)=O)ccc1)C(O)=O,0.1,Hydroxy(cyclooctadiene)rhodium(I) dimer,O[Rh].O[Rh].C1CC=CCCC=C1.C2CC=CCCC=C2,0.004,tetrahydroxydiboron,B(B(O)O)(O)O,0.7,ethanol,UPLC-MS,11,70
AO-07,96,50,12:A,(S)-Ketoprofen,C[C@@H](c1cc(C(c2ccccc2)=O)ccc1)C(O)=O,0.1,Hydroxy(cyclooctadiene)rhodium(I) dimer,O[Rh].O[Rh].C1CC=CCCC=C1.C2CC=CCCC=C2,0.004,tetrahydroxydiboron,B(B(O)O)(O)O,0.7,"2,2,2-trifluoroethanol",UPLC-MS,12,56
AO-07,96,50,1:B,Propranolol,OC(COC1=C2C=CC=CC2=CC=C1)CNC(C)C,0.1,Hydroxy(cyclooctadiene)rhodium(I) dimer,O[Rh].O[Rh].C1CC=CCCC=C1.C2CC=CCCC=C2,0.004,tetrahydroxydiboron,B(B(O)O)(O)O,0.35,1-butanol,UPLC-MS,13,55
AO-07,96,50,2:B,Propranolol,OC(COC1=C2C=CC=CC2=CC=C1)CNC(C)C,0.1,Hydroxy(cyclooctadiene)rhodium(I) dimer,O[Rh].O[Rh].C1CC=CCCC=C1.C2CC=CCCC=C2,0.004,tetrahydroxydiboron,B(B(O)O)(O)O,0.35,ethylene glycol,UPLC-MS,14,70
AO-07,96,50,3:B,Propranolol,OC(COC1=C2C=CC=CC2=CC=C1)CNC(C)C,0.1,Hydroxy(cyclooctadiene)rhodium(I) dimer,O[Rh].O[Rh].C1CC=CCCC=C1.C2CC=CCCC=C2,0.004,tetrahydroxydiboron,B(B(O)O)(O)O,0.7,1-butanol,UPLC-MS,15,59
AO-07,96,50,4:B,Propranolol,OC(COC1=C2C=CC=CC2=CC=C1)CNC(C)C,0.1,Hydroxy(cyclooctadiene)rhodium(I) dimer,O[Rh].O[Rh].C1CC=CCCC=C1.C2CC=CCCC=C2,0.004,tetrahydroxydiboron,B(B(O)O)(O)O,0.7,ethylene glycol,UPLC-MS,16,69
AO-07,96,50,5:B,Gemfibrozil,O=C(C(C)(CCCOC1=C(C)C=CC(C)=C1)C)O,0.1,Hydroxy(cyclooctadiene)rhodium(I) dimer,O[Rh].O[Rh].C1CC=CCCC=C1.C2CC=CCCC=C2,0.004,tetrahydroxydiboron,B(B(O)O)(O)O,0.35,1-butanol,UPLC-MS,17,44
AO-07,96,50,6:B,Gemfibrozil,O=C(C(C)(CCCOC1=C(C)C=CC(C)=C1)C)O,0.1,Hydroxy(cyclooctadiene)rhodium(I) dimer,O[Rh].O[Rh].C1CC=CCCC=C1.C2CC=CCCC=C2,0.004,tetrahydroxydiboron,B(B(O)O)(O)O,0.35,ethylene glycol,UPLC-MS,18,56
AO-07,96,50,7:B,Gemfibrozil,O=C(C(C)(CCCOC1=C(C)C=CC(C)=C1)C)O,0.1,Hydroxy(cyclooctadiene)rhodium(I) dimer,O[Rh].O[Rh].C1CC=CCCC=C1.C2CC=CCCC=C2,0.004,tetrahydroxydiboron,B(B(O)O)(O)O,0.7,1-butanol,UPLC-MS,19,64
AO-07,96,50,8:B,Gemfibrozil,O=C(C(C)(CCCOC1=C(C)C=CC(C)=C1)C)O,0.1,Hydroxy(cyclooctadiene)rhodium(I) dimer,O[Rh].O[Rh].C1CC=CCCC=C1.C2CC=CCCC=C2,0.004,tetrahydroxydiboron,B(B(O)O)(O)O,0.7,ethylene glycol,UPLC-MS,20,68
AO-07,96,50,9:B,(S)-Ketoprofen,C[C@@H](c1cc(C(c2ccccc2)=O)ccc1)C(O)=O,0.1,Hydroxy(cyclooctadiene)rhodium(I) dimer,O[Rh].O[Rh].C1CC=CCCC=C1.C2CC=CCCC=C2,0.004,tetrahydroxydiboron,B(B(O)O)(O)O,0.35,1-butanol,UPLC-MS,21,44
AO-07,96,50,10:B,(S)-Ketoprofen,C[C@@H](c1cc(C(c2ccccc2)=O)ccc1)C(O)=O,0.1,Hydroxy(cyclooctadiene)rhodium(I) dimer,O[Rh].O[Rh].C1CC=CCCC=C1.C2CC=CCCC=C2,0.004,tetrahydroxydiboron,B(B(O)O)(O)O,0.35,ethylene glycol,UPLC-MS,22,57
AO-07,96,50,11:B,(S)-Ketoprofen,C[C@@H](c1cc(C(c2ccccc2)=O)ccc1)C(O)=O,0.1,Hydroxy(cyclooctadiene)rhodium(I) dimer,O[Rh].O[Rh].C1CC=CCCC=C1.C2CC=CCCC=C2,0.004,tetrahydroxydiboron,B(B(O)O)(O)O,0.7,1-butanol,UPLC-MS,23,61
AO-07,96,50,12:B,(S)-Ketoprofen,C[C@@H](c1cc(C(c2ccccc2)=O)ccc1)C(O)=O,0.1,Hydroxy(cyclooctadiene)rhodium(I) dimer,O[Rh].O[Rh].C1CC=CCCC=C1.C2CC=CCCC=C2,0.004,tetrahydroxydiboron,B(B(O)O)(O)O,0.7,ethylene glycol,UPLC-MS,24,66
AO-07,96,50,1:C,Propranolol,OC(COC1=C2C=CC=CC2=CC=C1)CNC(C)C,0.1,Hydroxy(cyclooctadiene)rhodium(I) dimer,O[Rh].O[Rh].C1CC=CCCC=C1.C2CC=CCCC=C2,0.004,Ammonia Borane,B.N,0.15,ethanol,UPLC-MS,25,2
AO-07,96,50,2:C,Propranolol,OC(COC1=C2C=CC=CC2=CC=C1)CNC(C)C,0.1,Hydroxy(cyclooctadiene)rhodium(I) dimer,O[Rh].O[Rh].C1CC=CCCC=C1.C2CC=CCCC=C2,0.004,Ammonia Borane,B.N,0.15,"2,2,2-trifluoroethanol",UPLC-MS,26,16
AO-07,96,50,3:C,Propranolol,OC(COC1=C2C=CC=CC2=CC=C1)CNC(C)C,0.1,Hydroxy(cyclooctadiene)rhodium(I) dimer,O[Rh].O[Rh].C1CC=CCCC=C1.C2CC=CCCC=C2,0.004,Ammonia Borane,B.N,0.3,ethanol,UPLC-MS,27,3
AO-07,96,50,4:C,Propranolol,OC(COC1=C2C=CC=CC2=CC=C1)CNC(C)C,0.1,Hydroxy(cyclooctadiene)rhodium(I) dimer,O[Rh].O[Rh].C1CC=CCCC=C1.C2CC=CCCC=C2,0.004,Ammonia Borane,B.N,0.3,"2,2,2-trifluoroethanol",UPLC-MS,28,33
AO-07,96,50,5:C,Gemfibrozil,O=C(C(C)(CCCOC1=C(C)C=CC(C)=C1)C)O,0.1,Hydroxy(cyclooctadiene)rhodium(I) dimer,O[Rh].O[Rh].C1CC=CCCC=C1.C2CC=CCCC=C2,0.004,Ammonia Borane,B.N,0.15,ethanol,UPLC-MS,29,5
AO-07,96,50,6:C,Gemfibrozil,O=C(C(C)(CCCOC1=C(C)C=CC(C)=C1)C)O,0.1,Hydroxy(cyclooctadiene)rhodium(I) dimer,O[Rh].O[Rh].C1CC=CCCC=C1.C2CC=CCCC=C2,0.004,Ammonia Borane,B.N,0.15,"2,2,2-trifluoroethanol",UPLC-MS,30,19
AO-07,96,50,7:C,Gemfibrozil,O=C(C(C)(CCCOC1=C(C)C=CC(C)=C1)C)O,0.1,Hydroxy(cyclooctadiene)rhodium(I) dimer,O[Rh].O[Rh].C1CC=CCCC=C1.C2CC=CCCC=C2,0.004,Ammonia Borane,B.N,0.3,ethanol,UPLC-MS,31,3
AO-07,96,50,8:C,Gemfibrozil,O=C(C(C)(CCCOC1=C(C)C=CC(C)=C1)C)O,0.1,Hydroxy(cyclooctadiene)rhodium(I) dimer,O[Rh].O[Rh].C1CC=CCCC=C1.C2CC=CCCC=C2,0.004,Ammonia Borane,B.N,0.3,"2,2,2-trifluoroethanol",UPLC-MS,32,27
AO-07,96,50,9:C,(S)-Ketoprofen,C[C@@H](c1cc(C(c2ccccc2)=O)ccc1)C(O)=O,0.1,Hydroxy(cyclooctadiene)rhodium(I) dimer,O[Rh].O[Rh].C1CC=CCCC=C1.C2CC=CCCC=C2,0.004,Ammonia Borane,B.N,0.15,ethanol,UPLC-MS,33,0
AO-07,96,50,10:C,(S)-Ketoprofen,C[C@@H](c1cc(C(c2ccccc2)=O)ccc1)C(O)=O,0.1,Hydroxy(cyclooctadiene)rhodium(I) dimer,O[Rh].O[Rh].C1CC=CCCC=C1.C2CC=CCCC=C2,0.004,Ammonia Borane,B.N,0.15,"2,2,2-trifluoroethanol",UPLC-MS,34,15
AO-07,96,50,11:C,(S)-Ketoprofen,C[C@@H](c1cc(C(c2ccccc2)=O)ccc1)C(O)=O,0.1,Hydroxy(cyclooctadiene)rhodium(I) dimer,O[Rh].O[Rh].C1CC=CCCC=C1.C2CC=CCCC=C2,0.004,Ammonia Borane,B.N,0.3,ethanol,UPLC-MS,35,5
AO-07,96,50,12:C,(S)-Ketoprofen,C[C@@H](c1cc(C(c2ccccc2)=O)ccc1)C(O)=O,0.1,Hydroxy(cyclooctadiene)rhodium(I) dimer,O[Rh].O[Rh].C1CC=CCCC=C1.C2CC=CCCC=C2,0.004,Ammonia Borane,B.N,0.3,"2,2,2-trifluoroethanol",UPLC-MS,36,24
AO-07,96,50,1:D,Propranolol,OC(COC1=C2C=CC=CC2=CC=C1)CNC(C)C,0.1,Hydroxy(cyclooctadiene)rhodium(I) dimer,O[Rh].O[Rh].C1CC=CCCC=C1.C2CC=CCCC=C2,0.004,Ammonia Borane,B.N,0.15,1-butanol,UPLC-MS,37,0
AO-07,96,50,2:D,Propranolol,OC(COC1=C2C=CC=CC2=CC=C1)CNC(C)C,0.1,Hydroxy(cyclooctadiene)rhodium(I) dimer,O[Rh].O[Rh].C1CC=CCCC=C1.C2CC=CCCC=C2,0.004,Ammonia Borane,B.N,0.15,ethylene glycol,UPLC-MS,38,9
AO-07,96,50,3:D,Propranolol,OC(COC1=C2C=CC=CC2=CC=C1)CNC(C)C,0.1,Hydroxy(cyclooctadiene)rhodium(I) dimer,O[Rh].O[Rh].C1CC=CCCC=C1.C2CC=CCCC=C2,0.004,Ammonia Borane,B.N,0.3,1-butanol,UPLC-MS,39,0
AO-07,96,50,4:D,Propranolol,OC(COC1=C2C=CC=CC2=CC=C1)CNC(C)C,0.1,Hydroxy(cyclooctadiene)rhodium(I) dimer,O[Rh].O[Rh].C1CC=CCCC=C1.C2CC=CCCC=C2,0.004,Ammonia Borane,B.N,0.3,ethylene glycol,UPLC-MS,40,15
AO-07,96,50,5:D,Gemfibrozil,O=C(C(C)(CCCOC1=C(C)C=CC(C)=C1)C)O,0.1,Hydroxy(cyclooctadiene)rhodium(I) dimer,O[Rh].O[Rh].C1CC=CCCC=C1.C2CC=CCCC=C2,0.004,Ammonia Borane,B.N,0.15,1-butanol,UPLC-MS,41,4
AO-07,96,50,6:D,Gemfibrozil,O=C(C(C)(CCCOC1=C(C)C=CC(C)=C1)C)O,0.1,Hydroxy(cyclooctadiene)rhodium(I) dimer,O[Rh].O[Rh].C1CC=CCCC=C1.C2CC=CCCC=C2,0.004,Ammonia Borane,B.N,0.15,ethylene glycol,UPLC-MS,42,14
AO-07,96,50,7:D,Gemfibrozil,O=C(C(C)(CCCOC1=C(C)C=CC(C)=C1)C)O,0.1,Hydroxy(cyclooctadiene)rhodium(I) dimer,O[Rh].O[Rh].C1CC=CCCC=C1.C2CC=CCCC=C2,0.004,Ammonia Borane,B.N,0.3,1-butanol,UPLC-MS,43,4
AO-07,96,50,8:D,Gemfibrozil,O=C(C(C)(CCCOC1=C(C)C=CC(C)=C1)C)O,0.1,Hydroxy(cyclooctadiene)rhodium(I) dimer,O[Rh].O[Rh].C1CC=CCCC=C1.C2CC=CCCC=C2,0.004,Ammonia Borane,B.N,0.3,ethylene glycol,UPLC-MS,44,23
AO-07,96,50,9:D,(S)-Ketoprofen,C[C@@H](c1cc(C(c2ccccc2)=O)ccc1)C(O)=O,0.1,Hydroxy(cyclooctadiene)rhodium(I) dimer,O[Rh].O[Rh].C1CC=CCCC=C1.C2CC=CCCC=C2,0.004,Ammonia Borane,B.N,0.15,1-butanol,UPLC-MS,45,0
AO-07,96,50,10:D,(S)-Ketoprofen,C[C@@H](c1cc(C(c2ccccc2)=O)ccc1)C(O)=O,0.1,Hydroxy(cyclooctadiene)rhodium(I) dimer,O[Rh].O[Rh].C1CC=CCCC=C1.C2CC=CCCC=C2,0.004,Ammonia Borane,B.N,0.15,ethylene glycol,UPLC-MS,46,17
AO-07,96,50,11:D,(S)-Ketoprofen,C[C@@H](c1cc(C(c2ccccc2)=O)ccc1)C(O)=O,0.1,Hydroxy(cyclooctadiene)rhodium(I) dimer,O[Rh].O[Rh].C1CC=CCCC=C1.C2CC=CCCC=C2,0.004,Ammonia Borane,B.N,0.3,1-butanol,UPLC-MS,47,0
AO-07,96,50,12:D,(S)-Ketoprofen,C[C@@H](c1cc(C(c2ccccc2)=O)ccc1)C(O)=O,0.1,Hydroxy(cyclooctadiene)rhodium(I) dimer,O[Rh].O[Rh].C1CC=CCCC=C1.C2CC=CCCC=C2,0.004,Ammonia Borane,B.N,0.3,ethylene glycol,UPLC-MS,48,19
AO-07,96,50,1:E,Propranolol,OC(COC1=C2C=CC=CC2=CC=C1)CNC(C)C,0.1,"Chloro(1,5-cyclooctadiene)rhodium(I) dimer",Cl[Rh].Cl[Rh].C1CC=CCCC=C1.C2CC=CCCC=C2,0.002,tetrahydroxydiboron,B(B(O)O)(O)O,0.35,ethanol,UPLC-MS,49,33
AO-07,96,50,2:E,Propranolol,OC(COC1=C2C=CC=CC2=CC=C1)CNC(C)C,0.1,"Chloro(1,5-cyclooctadiene)rhodium(I) dimer",Cl[Rh].Cl[Rh].C1CC=CCCC=C1.C2CC=CCCC=C2,0.002,tetrahydroxydiboron,B(B(O)O)(O)O,0.35,"2,2,2-trifluoroethanol",UPLC-MS,50,17
AO-07,96,50,3:E,Propranolol,OC(COC1=C2C=CC=CC2=CC=C1)CNC(C)C,0.1,"Chloro(1,5-cyclooctadiene)rhodium(I) dimer",Cl[Rh].Cl[Rh].C1CC=CCCC=C1.C2CC=CCCC=C2,0.002,tetrahydroxydiboron,B(B(O)O)(O)O,0.7,ethanol,UPLC-MS,51,36
AO-07,96,50,4:E,Propranolol,OC(COC1=C2C=CC=CC2=CC=C1)CNC(C)C,0.1,"Chloro(1,5-cyclooctadiene)rhodium(I) dimer",Cl[Rh].Cl[Rh].C1CC=CCCC=C1.C2CC=CCCC=C2,0.002,tetrahydroxydiboron,B(B(O)O)(O)O,0.7,"2,2,2-trifluoroethanol",UPLC-MS,52,21
AO-07,96,50,5:E,Gemfibrozil,O=C(C(C)(CCCOC1=C(C)C=CC(C)=C1)C)O,0.1,"Chloro(1,5-cyclooctadiene)rhodium(I) dimer",Cl[Rh].Cl[Rh].C1CC=CCCC=C1.C2CC=CCCC=C2,0.002,tetrahydroxydiboron,B(B(O)O)(O)O,0.35,ethanol,UPLC-MS,53,42
AO-07,96,50,6:E,Gemfibrozil,O=C(C(C)(CCCOC1=C(C)C=CC(C)=C1)C)O,0.1,"Chloro(1,5-cyclooctadiene)rhodium(I) dimer",Cl[Rh].Cl[Rh].C1CC=CCCC=C1.C2CC=CCCC=C2,0.002,tetrahydroxydiboron,B(B(O)O)(O)O,0.35,"2,2,2-trifluoroethanol",UPLC-MS,54,12
AO-07,96,50,7:E,Gemfibrozil,O=C(C(C)(CCCOC1=C(C)C=CC(C)=C1)C)O,0.1,"Chloro(1,5-cyclooctadiene)rhodium(I) dimer",Cl[Rh].Cl[Rh].C1CC=CCCC=C1.C2CC=CCCC=C2,0.002,tetrahydroxydiboron,B(B(O)O)(O)O,0.7,ethanol,UPLC-MS,55,38
AO-07,96,50,8:E,Gemfibrozil,O=C(C(C)(CCCOC1=C(C)C=CC(C)=C1)C)O,0.1,"Chloro(1,5-cyclooctadiene)rhodium(I) dimer",Cl[Rh].Cl[Rh].C1CC=CCCC=C1.C2CC=CCCC=C2,0.002,tetrahydroxydiboron,B(B(O)O)(O)O,0.7,"2,2,2-trifluoroethanol",UPLC-MS,56,19
AO-07,96,50,9:E,(S)-Ketoprofen,C[C@@H](c1cc(C(c2ccccc2)=O)ccc1)C(O)=O,0.1,"Chloro(1,5-cyclooctadiene)rhodium(I) dimer",Cl[Rh].Cl[Rh].C1CC=CCCC=C1.C2CC=CCCC=C2,0.002,tetrahydroxydiboron,B(B(O)O)(O)O,0.35,ethanol,UPLC-MS,57,17
AO-07,96,50,10:E,(S)-Ketoprofen,C[C@@H](c1cc(C(c2ccccc2)=O)ccc1)C(O)=O,0.1,"Chloro(1,5-cyclooctadiene)rhodium(I) dimer",Cl[Rh].Cl[Rh].C1CC=CCCC=C1.C2CC=CCCC=C2,0.002,tetrahydroxydiboron,B(B(O)O)(O)O,0.35,"2,2,2-trifluoroethanol",UPLC-MS,58,10
AO-07,96,50,11:E,(S)-Ketoprofen,C[C@@H](c1cc(C(c2ccccc2)=O)ccc1)C(O)=O,0.1,"Chloro(1,5-cyclooctadiene)rhodium(I) dimer",Cl[Rh].Cl[Rh].C1CC=CCCC=C1.C2CC=CCCC=C2,0.002,tetrahydroxydiboron,B(B(O)O)(O)O,0.7,ethanol,UPLC-MS,59,35
AO-07,96,50,12:E,(S)-Ketoprofen,C[C@@H](c1cc(C(c2ccccc2)=O)ccc1)C(O)=O,0.1,"Chloro(1,5-cyclooctadiene)rhodium(I) dimer",Cl[Rh].Cl[Rh].C1CC=CCCC=C1.C2CC=CCCC=C2,0.002,tetrahydroxydiboron,B(B(O)O)(O)O,0.7,"2,2,2-trifluoroethanol",UPLC-MS,60,15
AO-07,96,50,1:F,Propranolol,OC(COC1=C2C=CC=CC2=CC=C1)CNC(C)C,0.1,"Chloro(1,5-cyclooctadiene)rhodium(I) dimer",Cl[Rh].Cl[Rh].C1CC=CCCC=C1.C2CC=CCCC=C2,0.002,tetrahydroxydiboron,B(B(O)O)(O)O,0.35,1-butanol,UPLC-MS,61,22
AO-07,96,50,2:F,Propranolol,OC(COC1=C2C=CC=CC2=CC=C1)CNC(C)C,0.1,"Chloro(1,5-cyclooctadiene)rhodium(I) dimer",Cl[Rh].Cl[Rh].C1CC=CCCC=C1.C2CC=CCCC=C2,0.002,tetrahydroxydiboron,B(B(O)O)(O)O,0.35,ethylene glycol,UPLC-MS,62,35
AO-07,96,50,3:F,Propranolol,OC(COC1=C2C=CC=CC2=CC=C1)CNC(C)C,0.1,"Chloro(1,5-cyclooctadiene)rhodium(I) dimer",Cl[Rh].Cl[Rh].C1CC=CCCC=C1.C2CC=CCCC=C2,0.002,tetrahydroxydiboron,B(B(O)O)(O)O,0.7,1-butanol,UPLC-MS,63,34
AO-07,96,50,4:F,Propranolol,OC(COC1=C2C=CC=CC2=CC=C1)CNC(C)C,0.1,"Chloro(1,5-cyclooctadiene)rhodium(I) dimer",Cl[Rh].Cl[Rh].C1CC=CCCC=C1.C2CC=CCCC=C2,0.002,tetrahydroxydiboron,B(B(O)O)(O)O,0.7,ethylene glycol,UPLC-MS,64,39
AO-07,96,50,5:F,Gemfibrozil,O=C(C(C)(CCCOC1=C(C)C=CC(C)=C1)C)O,0.1,"Chloro(1,5-cyclooctadiene)rhodium(I) dimer",Cl[Rh].Cl[Rh].C1CC=CCCC=C1.C2CC=CCCC=C2,0.002,tetrahydroxydiboron,B(B(O)O)(O)O,0.35,1-butanol,UPLC-MS,65,25
AO-07,96,50,6:F,Gemfibrozil,O=C(C(C)(CCCOC1=C(C)C=CC(C)=C1)C)O,0.1,"Chloro(1,5-cyclooctadiene)rhodium(I) dimer",Cl[Rh].Cl[Rh].C1CC=CCCC=C1.C2CC=CCCC=C2,0.002,tetrahydroxydiboron,B(B(O)O)(O)O,0.35,ethylene glycol,UPLC-MS,66,35
AO-07,96,50,7:F,Gemfibrozil,O=C(C(C)(CCCOC1=C(C)C=CC(C)=C1)C)O,0.1,"Chloro(1,5-cyclooctadiene)rhodium(I) dimer",Cl[Rh].Cl[Rh].C1CC=CCCC=C1.C2CC=CCCC=C2,0.002,tetrahydroxydiboron,B(B(O)O)(O)O,0.7,1-butanol,UPLC-MS,67,29
AO-07,96,50,8:F,Gemfibrozil,O=C(C(C)(CCCOC1=C(C)C=CC(C)=C1)C)O,0.1,"Chloro(1,5-cyclooctadiene)rhodium(I) dimer",Cl[Rh].Cl[Rh].C1CC=CCCC=C1.C2CC=CCCC=C2,0.002,tetrahydroxydiboron,B(B(O)O)(O)O,0.7,ethylene glycol,UPLC-MS,68,43
AO-07,96,50,9:F,(S)-Ketoprofen,C[C@@H](c1cc(C(c2ccccc2)=O)ccc1)C(O)=O,0.1,"Chloro(1,5-cyclooctadiene)rhodium(I) dimer",Cl[Rh].Cl[Rh].C1CC=CCCC=C1.C2CC=CCCC=C2,0.002,tetrahydroxydiboron,B(B(O)O)(O)O,0.35,1-butanol,UPLC-MS,69,18
AO-07,96,50,10:F,(S)-Ketoprofen,C[C@@H](c1cc(C(c2ccccc2)=O)ccc1)C(O)=O,0.1,"Chloro(1,5-cyclooctadiene)rhodium(I) dimer",Cl[Rh].Cl[Rh].C1CC=CCCC=C1.C2CC=CCCC=C2,0.002,tetrahydroxydiboron,B(B(O)O)(O)O,0.35,ethylene glycol,UPLC-MS,70,21
AO-07,96,50,11:F,(S)-Ketoprofen,C[C@@H](c1cc(C(c2ccccc2)=O)ccc1)C(O)=O,0.1,"Chloro(1,5-cyclooctadiene)rhodium(I) dimer",Cl[Rh].Cl[Rh].C1CC=CCCC=C1.C2CC=CCCC=C2,0.002,tetrahydroxydiboron,B(B(O)O)(O)O,0.7,1-butanol,UPLC-MS,71,28
AO-07,96,50,12:F,(S)-Ketoprofen,C[C@@H](c1cc(C(c2ccccc2)=O)ccc1)C(O)=O,0.1,"Chloro(1,5-cyclooctadiene)rhodium(I) dimer",Cl[Rh].Cl[Rh].C1CC=CCCC=C1.C2CC=CCCC=C2,0.002,tetrahydroxydiboron,B(B(O)O)(O)O,0.7,ethylene glycol,UPLC-MS,72,29
AO-07,96,50,1:G,Propranolol,OC(COC1=C2C=CC=CC2=CC=C1)CNC(C)C,0.1,"Chloro(1,5-cyclooctadiene)rhodium(I) dimer",Cl[Rh].Cl[Rh].C1CC=CCCC=C1.C2CC=CCCC=C2,0.002,Ammonia Borane,B.N,0.15,ethanol,UPLC-MS,73,3
AO-07,96,50,2:G,Propranolol,OC(COC1=C2C=CC=CC2=CC=C1)CNC(C)C,0.1,"Chloro(1,5-cyclooctadiene)rhodium(I) dimer",Cl[Rh].Cl[Rh].C1CC=CCCC=C1.C2CC=CCCC=C2,0.002,Ammonia Borane,B.N,0.15,"2,2,2-trifluoroethanol",UPLC-MS,74,57
AO-07,96,50,3:G,Propranolol,OC(COC1=C2C=CC=CC2=CC=C1)CNC(C)C,0.1,"Chloro(1,5-cyclooctadiene)rhodium(I) dimer",Cl[Rh].Cl[Rh].C1CC=CCCC=C1.C2CC=CCCC=C2,0.002,Ammonia Borane,B.N,0.3,ethanol,UPLC-MS,75,6
AO-07,96,50,4:G,Propranolol,OC(COC1=C2C=CC=CC2=CC=C1)CNC(C)C,0.1,"Chloro(1,5-cyclooctadiene)rhodium(I) dimer",Cl[Rh].Cl[Rh].C1CC=CCCC=C1.C2CC=CCCC=C2,0.002,Ammonia Borane,B.N,0.3,"2,2,2-trifluoroethanol",UPLC-MS,76,67
AO-07,96,50,5:G,Gemfibrozil,O=C(C(C)(CCCOC1=C(C)C=CC(C)=C1)C)O,0.1,"Chloro(1,5-cyclooctadiene)rhodium(I) dimer",Cl[Rh].Cl[Rh].C1CC=CCCC=C1.C2CC=CCCC=C2,0.002,Ammonia Borane,B.N,0.15,ethanol,UPLC-MS,77,3
AO-07,96,50,6:G,Gemfibrozil,O=C(C(C)(CCCOC1=C(C)C=CC(C)=C1)C)O,0.1,"Chloro(1,5-cyclooctadiene)rhodium(I) dimer",Cl[Rh].Cl[Rh].C1CC=CCCC=C1.C2CC=CCCC=C2,0.002,Ammonia Borane,B.N,0.15,"2,2,2-trifluoroethanol",UPLC-MS,78,31
AO-07,96,50,7:G,Gemfibrozil,O=C(C(C)(CCCOC1=C(C)C=CC(C)=C1)C)O,0.1,"Chloro(1,5-cyclooctadiene)rhodium(I) dimer",Cl[Rh].Cl[Rh].C1CC=CCCC=C1.C2CC=CCCC=C2,0.002,Ammonia Borane,B.N,0.3,ethanol,UPLC-MS,79,3
AO-07,96,50,8:G,Gemfibrozil,O=C(C(C)(CCCOC1=C(C)C=CC(C)=C1)C)O,0.1,"Chloro(1,5-cyclooctadiene)rhodium(I) dimer",Cl[Rh].Cl[Rh].C1CC=CCCC=C1.C2CC=CCCC=C2,0.002,Ammonia Borane,B.N,0.3,"2,2,2-trifluoroethanol",UPLC-MS,80,50
AO-07,96,50,9:G,(S)-Ketoprofen,C[C@@H](c1cc(C(c2ccccc2)=O)ccc1)C(O)=O,0.1,"Chloro(1,5-cyclooctadiene)rhodium(I) dimer",Cl[Rh].Cl[Rh].C1CC=CCCC=C1.C2CC=CCCC=C2,0.002,Ammonia Borane,B.N,0.15,ethanol,UPLC-MS,81,0
AO-07,96,50,10:G,(S)-Ketoprofen,C[C@@H](c1cc(C(c2ccccc2)=O)ccc1)C(O)=O,0.1,"Chloro(1,5-cyclooctadiene)rhodium(I) dimer",Cl[Rh].Cl[Rh].C1CC=CCCC=C1.C2CC=CCCC=C2,0.002,Ammonia Borane,B.N,0.15,"2,2,2-trifluoroethanol",UPLC-MS,82,21
AO-07,96,50,11:G,(S)-Ketoprofen,C[C@@H](c1cc(C(c2ccccc2)=O)ccc1)C(O)=O,0.1,"Chloro(1,5-cyclooctadiene)rhodium(I) dimer",Cl[Rh].Cl[Rh].C1CC=CCCC=C1.C2CC=CCCC=C2,0.002,Ammonia Borane,B.N,0.3,ethanol,UPLC-MS,83,0
AO-07,96,50,12:G,(S)-Ketoprofen,C[C@@H](c1cc(C(c2ccccc2)=O)ccc1)C(O)=O,0.1,"Chloro(1,5-cyclooctadiene)rhodium(I) dimer",Cl[Rh].Cl[Rh].C1CC=CCCC=C1.C2CC=CCCC=C2,0.002,Ammonia Borane,B.N,0.3,"2,2,2-trifluoroethanol",UPLC-MS,84,35
AO-07,96,50,1:H,Propranolol,OC(COC1=C2C=CC=CC2=CC=C1)CNC(C)C,0.1,"Chloro(1,5-cyclooctadiene)rhodium(I) dimer",Cl[Rh].Cl[Rh].C1CC=CCCC=C1.C2CC=CCCC=C2,0.002,Ammonia Borane,B.N,0.15,1-butanol,UPLC-MS,85,0
AO-07,96,50,2:H,Propranolol,OC(COC1=C2C=CC=CC2=CC=C1)CNC(C)C,0.1,"Chloro(1,5-cyclooctadiene)rhodium(I) dimer",Cl[Rh].Cl[Rh].C1CC=CCCC=C1.C2CC=CCCC=C2,0.002,Ammonia Borane,B.N,0.15,ethylene glycol,UPLC-MS,86,5
AO-07,96,50,3:H,Propranolol,OC(COC1=C2C=CC=CC2=CC=C1)CNC(C)C,0.1,"Chloro(1,5-cyclooctadiene)rhodium(I) dimer",Cl[Rh].Cl[Rh].C1CC=CCCC=C1.C2CC=CCCC=C2,0.002,Ammonia Borane,B.N,0.3,1-butanol,UPLC-MS,87,0
AO-07,96,50,4:H,Propranolol,OC(COC1=C2C=CC=CC2=CC=C1)CNC(C)C,0.1,"Chloro(1,5-cyclooctadiene)rhodium(I) dimer",Cl[Rh].Cl[Rh].C1CC=CCCC=C1.C2CC=CCCC=C2,0.002,Ammonia Borane,B.N,0.3,ethylene glycol,UPLC-MS,88,12
AO-07,96,50,5:H,Gemfibrozil,O=C(C(C)(CCCOC1=C(C)C=CC(C)=C1)C)O,0.1,"Chloro(1,5-cyclooctadiene)rhodium(I) dimer",Cl[Rh].Cl[Rh].C1CC=CCCC=C1.C2CC=CCCC=C2,0.002,Ammonia Borane,B.N,0.15,1-butanol,UPLC-MS,89,3
AO-07,96,50,6:H,Gemfibrozil,O=C(C(C)(CCCOC1=C(C)C=CC(C)=C1)C)O,0.1,"Chloro(1,5-cyclooctadiene)rhodium(I) dimer",Cl[Rh].Cl[Rh].C1CC=CCCC=C1.C2CC=CCCC=C2,0.002,Ammonia Borane,B.N,0.15,ethylene glycol,UPLC-MS,90,5
AO-07,96,50,7:H,Gemfibrozil,O=C(C(C)(CCCOC1=C(C)C=CC(C)=C1)C)O,0.1,"Chloro(1,5-cyclooctadiene)rhodium(I) dimer",Cl[Rh].Cl[Rh].C1CC=CCCC=C1.C2CC=CCCC=C2,0.002,Ammonia Borane,B.N,0.3,1-butanol,UPLC-MS,91,5
AO-07,96,50,8:H,Gemfibrozil,O=C(C(C)(CCCOC1=C(C)C=CC(C)=C1)C)O,0.1,"Chloro(1,5-cyclooctadiene)rhodium(I) dimer",Cl[Rh].Cl[Rh].C1CC=CCCC=C1.C2CC=CCCC=C2,0.002,Ammonia Borane,B.N,0.3,ethylene glycol,UPLC-MS,92,9
AO-07,96,50,9:H,(S)-Ketoprofen,C[C@@H](c1cc(C(c2ccccc2)=O)ccc1)C(O)=O,0.1,"Chloro(1,5-cyclooctadiene)rhodium(I) dimer",Cl[Rh].Cl[Rh].C1CC=CCCC=C1.C2CC=CCCC=C2,0.002,Ammonia Borane,B.N,0.15,1-butanol,UPLC-MS,93,0
AO-07,96,50,10:H,(S)-Ketoprofen,C[C@@H](c1cc(C(c2ccccc2)=O)ccc1)C(O)=O,0.1,"Chloro(1,5-cyclooctadiene)rhodium(I) dimer",Cl[Rh].Cl[Rh].C1CC=CCCC=C1.C2CC=CCCC=C2,0.002,Ammonia Borane,B.N,0.15,ethylene glycol,UPLC-MS,94,5
AO-07,96,50,11:H,(S)-Ketoprofen,C[C@@H](c1cc(C(c2ccccc2)=O)ccc1)C(O)=O,0.1,"Chloro(1,5-cyclooctadiene)rhodium(I) dimer",Cl[Rh].Cl[Rh].C1CC=CCCC=C1.C2CC=CCCC=C2,0.002,Ammonia Borane,B.N,0.3,1-butanol,UPLC-MS,95,0
AO-07,96,50,12:H,(S)-Ketoprofen,C[C@@H](c1cc(C(c2ccccc2)=O)ccc1)C(O)=O,0.1,"Chloro(1,5-cyclooctadiene)rhodium(I) dimer",Cl[Rh].Cl[Rh].C1CC=CCCC=C1.C2CC=CCCC=C2,0.002,Ammonia Borane,B.N,0.3,ethylene glycol,UPLC-MS,96,5
